domain,title_or_summary,verdict,reason,source_file,metadata_json,created_at
Test Domain GeoAI,Quantifying Urban Heat Island Mitigation via Geospatial AI: A Synthetic Control Approach for Green Infrastructure,selected,,output/topic_screening.json,"{""score"": 94, ""gap_type"": ""Measurement Gap""}",2026-03-12T16:51:31.881258
Test Domain GeoAI,Machine Learning-Based Evaluation of Digital Twin Precision in Smart City Sustainability Planning,selected,,output/topic_screening.json,"{""score"": 91, ""gap_type"": ""Method Gap""}",2026-03-12T16:51:31.881258
Test Domain GeoAI,Spatiotemporal Dynamics of OSINT-Derived Sentiment and its Correlation with Regional Conflict Intensity,selected,,output/topic_screening.json,"{""score"": 89, ""gap_type"": ""Problem Gap""}",2026-03-12T16:51:31.881258
GeoAI and Urban Planning,Quantifying the Impact of Micro-Urban Green Infrastructure on Neighborhood Thermal Regulation using Satellite-derived GeoAI,selected,,output/topic_screening.json,"{""score"": 92, ""gap_type"": ""Measurement Gap""}",2026-03-12T16:53:13.628644
GeoAI and Urban Planning,Predicting Gentrification Risk via High-Resolution GeoAI Spatiotemporal Modeling of Building Façade Changes,selected,,output/topic_screening.json,"{""score"": 88, ""gap_type"": ""Problem Gap""}",2026-03-12T16:53:13.628644
GeoAI and Urban Planning,GeoAI-driven Analysis of Public Transit Accessibility and Social Equity in Rapidly Expanding Metropolitan Areas,selected,,output/topic_screening.json,"{""score"": 85, ""gap_type"": ""Method Gap""}",2026-03-12T16:53:13.629229
GeoAI and Urban Planning,Quantifying the Causal Impact of Urban Blue-Space Expansion on Local Property Valuation using GeoAI-enhanced Hedonic Pricing Models,selected,,output/topic_screening.json,"{""score"": 94, ""gap_type"": ""Measurement Gap""}",2026-03-12T16:53:48.435723
GeoAI and Urban Planning,Machine Learning-based Detection of Illegal Urban Land-Use Conversion: A Multi-Temporal Satellite Analysis,selected,,output/topic_screening.json,"{""score"": 91, ""gap_type"": ""Method Gap""}",2026-03-12T16:53:48.436721
GeoAI and Urban Planning,Evaluating the Spatiotemporal Resilience of Urban Food Deserts to Crisis Events: A GeoAI-driven Network Analysis,selected,,output/topic_screening.json,"{""score"": 89, ""gap_type"": ""Problem Gap""}",2026-03-12T16:53:48.436721
GeoAI and Urban Planning,Quantifying the Causal Impact of Urban Blue-Space Expansion on Local Property Valuation using GeoAI-enhanced Hedonic Pricing Models,selected,,output/topic_screening.json,"{""score"": 94, ""gap_type"": ""Measurement Gap""}",2026-03-12T16:54:15.372368
GeoAI and Urban Planning,Predicting Gentrification Risk via High-Resolution GeoAI Spatiotemporal Modeling of Building Façade Changes,selected,,output/topic_screening.json,"{""score"": 88, ""gap_type"": ""Problem Gap""}",2026-03-12T16:54:15.372368
GeoAI and Urban Planning,GeoAI-driven Analysis of Public Transit Accessibility and Social Equity in Rapidly Expanding Metropolitan Areas,selected,,output/topic_screening.json,"{""score"": 85, ""gap_type"": ""Method Gap""}",2026-03-12T16:54:15.373364
GeoAI and Urban Planning,GeoAI-driven Assessment of Public Infrastructure Fragility During Extreme Flooding Events,selected,,output/topic_screening.json,"{""score"": 93, ""gap_type"": ""Problem Gap""}",2026-03-12T16:54:46.758181
GeoAI and Urban Planning,Quantifying the Impact of 15-Minute City Policy on Local Air Quality: A Spatiotemporal GeoAI Analysis,selected,,output/topic_screening.json,"{""score"": 92, ""gap_type"": ""Measurement Gap""}",2026-03-12T16:54:46.759184
GeoAI and Urban Planning,GeoAI Analysis of Urban Segregation Dynamics using Multi-Source Mobility Data,selected,,output/topic_screening.json,"{""score"": 90, ""gap_type"": ""Measurement Gap""}",2026-03-12T16:54:46.759184
Test Domain GeoAI,Quantifying the Causal Impact of Green Infrastructure on Neighborhood-Level Respiratory Health: A GeoAI-Enhanced Synthetic Control Approach,selected,,output/topic_screening.json,{"score": 96  "gap_type": "Measurement Gap"},2026-03-12T16:58:47.762643
Test Domain GeoAI,Predicting Regional Conflict Volatility: A Spatiotemporal Deep Learning Analysis of OSINT and Remote Sensing Proxies,selected,,output/topic_screening.json,{"score": 93  "gap_type": "Problem Gap"},2026-03-12T16:58:47.762643
Test Domain GeoAI,Machine Learning-Driven Mapping of Digital Twin Precision in Urban Climate Resilience Planning,selected,,output/topic_screening.json,{"score": 90  "gap_type": "Method Gap"},2026-03-12T16:58:47.762643
GeoAI and Urban Planning,Test Topic,selected,,output/topic_screening.json,{"score": 95  "gap_type": "Problem Gap"},2026-03-12T17:00:06.610142
GeoAI and Urban Planning,Quantifying the Impact of Urban Heat Island Mitigation on Public Health Expenditure: A GeoAI-based Causal Inference Approach,selected,,output/topic_screening.json,{"score": 95  "gap_type": "Measurement Gap"},2026-03-12T17:00:13.015753
GeoAI and Urban Planning,GeoAI-based Prediction of Urban Informal Settlement Expansion: Identifying Pre-emptive Land-Use Policy Levers,selected,,output/topic_screening.json,{"score": 92  "gap_type": "Problem Gap"},2026-03-12T17:00:13.015753
GeoAI and Urban Planning,The Causal Effect of Micro-Mobility Infrastructure on Local Retail Vitality: A GeoAI-enhanced Spatiotemporal Analysis,selected,,output/topic_screening.json,{"score": 89  "gap_type": "Method Gap"},2026-03-12T17:00:13.015753
GeoAI and Urban Planning,Quantifying the Causal Effect of Urban Tree Canopy Expansion on Residential Energy Consumption: A GeoAI-based Panel Analysis,selected,,output/topic_screening.json,{"score": 95  "gap_type": "Measurement Gap"},2026-03-12T17:00:41.740761
GeoAI and Urban Planning,Predicting the Impact of Transit-Oriented Development (TOD) on Local SME Resilience: A GeoAI Spatiotemporal Approach,selected,,output/topic_screening.json,{"score": 92  "gap_type": "Problem Gap"},2026-03-12T17:00:41.740761
GeoAI and Urban Planning,GeoAI-driven Analysis of Street-Level Walkability and its Causal Impact on Physical Activity Patterns,selected,,output/topic_screening.json,{"score": 89  "gap_type": "Method Gap"},2026-03-12T17:00:41.741763
Urban studies and built environment and public health and urban informatics,Quantifying the Causal Effect of Urban Green Space Proximity on Mental Health Outcomes: A Longitudinal Quasi-Experimental Study,selected,,output/topic_screening.json,{"score": 95  "gap_type": "Measurement Gap"},2026-03-12T17:26:17.810485
Urban studies and built environment and public health and urban informatics,The Impact of Heat Island Mitigation Strategies on Pediatric Asthma Emergency Visits: A Spatial Econometric Approach,selected,,output/topic_screening.json,{"score": 94  "gap_type": "Scale Gap"},2026-03-12T17:26:17.810485
Urban studies and built environment and public health and urban informatics,Digital Transformation of Transit Accessibility and Its Impact on Cardiovascular Health: A Synthetic Control Analysis,selected,,output/topic_screening.json,{"score": 92  "gap_type": "Method Gap"},2026-03-12T17:26:17.810485
urban informatics & public health,Quantifying the Causal Impact of Urban Green Space Density on Geriatric Depression Rates: A Multi-City Longitudinal Analysis,selected,,output/topic_screening.json,{"score": 95  "gap_type": "Scale Gap"},2026-03-12T17:56:41.650126
urban informatics & public health,Quantifying the Causal Impact of Urban Green Space Expansion on Type 2 Diabetes Prevalence: A Longitudinal Quasi-Experimental Study,selected,,output/topic_screening.json,{"score": 95  "gap_type": "Method Gap"},2026-03-12T17:56:41.651126
urban informatics & public health,Quantifying the Causal Impact of Green Infrastructure on Neighborhood-Level Respiratory Hospitalizations: A Synthetic Control Approach,selected,,output/topic_screening.json,{"score": 95  "gap_type": "Problem Gap"},2026-03-12T17:56:41.651126
urban informatics & public health,Quantifying the Longitudinal Impact of Public Transit Expansion on Cardiovascular Disease Incidence: A Difference-in-Differences Analysis,selected,,output/topic_screening.json,{"score": 35  "gap_type": "Measurement Gap"},2026-03-15T15:18:30.285729
urban informatics & public health,Quantifying the Longitudinal Impact of Public Transit Expansion on Cardiovascular Disease Incidence: A Difference-in-Differences Analysis,discarded,CDC PLACES provides cross-sectional modeled estimates based on demographics  making it invalid for longitudinal causal inference (DiD) over a 10-year panel.,output/ideas_graveyard.json,{"score": 35  "gap_type": "Measurement Gap"},2026-03-15T15:18:30.285729
urban informatics & public health,The Effect of Urban Heat Island Mitigation on Heat-Related Emergency Department Visits: A Regression Discontinuity Analysis,discarded,Methodological flaw: Regression Discontinuity Design using a temperature threshold as a forcing variable cannot estimate the effect of UHI mitigation  which is a spatial/structural intervention  not a threshold-triggered treatment.,output/ideas_graveyard.json,{"score": 20  "gap_type": "Problem Gap"},2026-03-15T15:18:30.285729
urban informatics & public health,Quantifying the Causal Impact of Public Transit Expansion on Cardiovascular Disease Incidence: A Difference-in-Differences Analysis,discarded,CMS Chronic Conditions Data Warehouse requires a strict Data Use Agreement (DUA) and payment; it is not openly accessible for automated pipeline extraction.,output/ideas_graveyard.json,{"score": 40  "gap_type": "Measurement Gap"},2026-03-15T15:18:30.285729
urban informatics & public health,The Impact of Urban Heat Island Mitigation on Pediatric Asthma Exacerbations: A Synthetic Control Study,discarded,HCUP data requires purchasing and a DUA  and does not provide 1km x 1km grid cell level spatial resolution for emergency department visits due to privacy restrictions.,output/ideas_graveyard.json,{"score": 30  "gap_type": "Scale Gap"},2026-03-15T15:18:30.286728
urban informatics & public health,Digital Divide and Health Literacy: A Spatial Econometric Analysis of Telehealth Utilization during Public Health Crises,discarded,Proposed data sources (FCC  ACS) do not contain the required outcome variables (telehealth adoption rate  missed appointments).,output/ideas_graveyard.json,{"score": 25  "gap_type": "Method Gap"},2026-03-15T15:18:30.286728
urban informatics & public health,The Impact of Public Transit Expansion on Cardiovascular Disease Hospitalization Rates: A Quasi-Experimental Analysis of Urban Subway Extensions,discarded,CMS Hospitalization Data at the census tract level requires a Data Use Agreement (DUA) and is not openly accessible.,output/ideas_graveyard.json,{"score": 35  "gap_type": "Measurement Gap"},2026-03-15T15:18:30.286728
urban informatics & public health,Quantifying the Association Between Urban Heat Island Intensity and Pediatric Asthma Exacerbations: A Multi-City Spatiotemporal Study,discarded,Hospital discharge data is not openly available at the proposed 500m x 500m daily resolution due to HIPAA and privacy restrictions.,output/ideas_graveyard.json,{"score": 45  "gap_type": "Scale Gap"},2026-03-15T15:18:30.287728
urban informatics & public health,Digital Divide and Healthcare Access: A Spatial Econometric Analysis of Telehealth Adoption in Aging Urban Populations,discarded,Proposed data sources (FCC  ACS) do not contain the outcome variables (telehealth adoption rates  HbA1c levels).,output/ideas_graveyard.json,{"score": 25  "gap_type": "Problem Gap"},2026-03-15T15:18:30.287728
urban informatics & public health,Quantifying the Impact of Public Transit Expansion on Cardiovascular Mortality: A Quasi-Experimental Analysis,discarded,CDC PLACES provides modeled estimates based on demographics  making it invalid for longitudinal causal inference (DiD) of local interventions.,output/ideas_graveyard.json,{"score": 35  "gap_type": "Measurement Gap"},2026-03-15T15:18:30.287728
urban informatics & public health,The Causal Effect of Urban Heat Island Mitigation on Heat-Related Emergency Department Admissions: A Spatial Econometric Study,discarded,Daily ED visit counts at 1km x 1km resolution are not publicly available on State Health Department portals due to privacy restrictions.,output/ideas_graveyard.json,{"score": 40  "gap_type": "Scale Gap"},2026-03-15T15:18:30.287728
urban informatics & public health,Digital Infrastructure and Mental Health: A Quantitative Assessment of Broadband Access and Depression Rates,discarded,County Health Rankings depression data relies on modeled estimates  and the proposed instrumental variable (historical telephone exchange boundaries) is not supported by the listed data sources.,output/ideas_graveyard.json,{"score": 30  "gap_type": "Problem Gap"},2026-03-15T15:18:30.288450
urban informatics & public health,Impact of Public Transit Expansion on Cardiovascular Disease Hospitalization Rates: A Quasi-Experimental Analysis,discarded,Proposed data sources (ACS  National Transit Database) do not contain the outcome variable (cardiovascular hospital admission rates).,output/ideas_graveyard.json,{"score": 25  "gap_type": "Method Gap"},2026-03-15T15:18:30.288450
urban informatics & public health,Mapping the Urban Heat Island Effect on Pediatric Asthma Exacerbations: A Spatiotemporal Modeling Approach,discarded,No data source provided for the primary outcome variable (pediatric asthma emergency department visits).,output/ideas_graveyard.json,{"score": 20  "gap_type": "Measurement Gap"},2026-03-15T15:18:30.288450
urban informatics & public health,Digital Divide and Telehealth Utilization Patterns in Geriatric Populations: A Multi-City Longitudinal Study,discarded,Medicare Current Beneficiary Survey (MCBS) public-use files do not provide census block group level geographic identifiers due to privacy restrictions.,output/ideas_graveyard.json,{"score": 35  "gap_type": "Scale Gap"},2026-03-15T15:18:30.288450
urban informatics & public health,The Impact of Public Transit Accessibility on Chronic Disease Management: A Longitudinal Analysis of Healthcare Utilization,discarded,CMS Medicare/Medicaid Claims Data requires a Data Use Agreement (DUA) and payment; it is not openly accessible.,output/ideas_graveyard.json,{"score": 40  "gap_type": "Measurement Gap"},2026-03-15T15:18:30.288450
urban informatics & public health,Quantifying the Causal Effect of Urban Heat Island Mitigation on Pediatric Asthma Exacerbations: A Synthetic Control Study,discarded,Pediatric asthma hospitalizations at 1km grid cell resolution are not publicly available on local health department portals due to privacy laws.,output/ideas_graveyard.json,{"score": 35  "gap_type": "Problem Gap"},2026-03-15T15:18:30.288450
urban informatics & public health,Digital Divide and Health Literacy: A Spatial Econometric Analysis of Telehealth Adoption in Urban Centers,discarded,Proposed data sources (FCC  ACS) do not contain the outcome variables (telehealth adoption rates  missed appointment rates).,output/ideas_graveyard.json,{"score": 25  "gap_type": "Scale Gap"},2026-03-15T15:18:30.288450
GeoAI and Urban Planning,Test Topic,selected,,output/topic_screening.json,{"score": 90  "gap_type": "Problem Gap"  "run_id": "20260315T154503Z-60f0d8"},2026-03-15T15:45:03.795373
GeoAI and Urban Planning,Test Topic,selected,,output/topic_screening.json,{"score": 90  "gap_type": "Problem Gap"  "run_id": "20260315T154716Z-b8c2bd"},2026-03-15T15:47:16.222945
Test Domain GeoAI,Predicting Groundwater Depletion Through Physics-Informed GeoAI and Time-Series Satellite Data,selected,,output/topic_screening.json,{"score": 94  "gap_type": "Method Gap"  "run_id": "20260315T154517Z-42e151"},2026-03-15T15:47:51.855888
Test Domain GeoAI,Dynamic Cartography of Post-Conflict Reconstruction: A Multi-Source GeoAI Analysis,selected,,output/topic_screening.json,{"score": 91  "gap_type": "Measurement Gap"  "run_id": "20260315T154517Z-42e151"},2026-03-15T15:47:51.855888
Test Domain GeoAI,A GeoAI Approach to Assessing the Impact of Renewable Energy Infrastructure on Local Biodiversity,selected,,output/topic_screening.json,{"score": 88  "gap_type": "Method and Scale Gap"  "run_id": "20260315T154517Z-42e151"},2026-03-15T15:47:51.855888
Test Domain GeoAI,Quantum-Resistant Geospatial Cryptography for Secure Decentralized AI Networks,discarded,Data availability - Lacks clear  freely accessible empirical geospatial datasets for testing quantum resistance at scale.,output/ideas_graveyard.json,{"score": 45  "run_id": "20260315T154517Z-42e151"},2026-03-15T15:47:51.855888
Test Domain GeoAI,Cross-Modal GeoAI Fusion for Predicting Zoonotic Spillover Risk Using Satellite Imagery and Social Media Trends,discarded,Data availability - Relies on geolocated social media trends which are increasingly restricted and not freely available at scale.,output/ideas_graveyard.json,{"score": 65  "run_id": "20260315T154517Z-42e151"},2026-03-15T15:47:51.859004
Test Domain GeoAI,Causal Inference of Urban Design on Social Cohesion: A GeoAI Approach Using Street-Level Computer Vision,discarded,Data availability - Google Street View imagery is commercial and restricted; Quantitative operability - social cohesion is difficult to measure objectively.,output/ideas_graveyard.json,{"score": 55  "run_id": "20260315T154517Z-42e151"},2026-03-15T15:47:51.859004
Test Domain GeoAI,Automated Detection of Informal Settlements Using Deep Learning and Multi-Temporal SAR Data,discarded,Novelty - Automated detection of informal settlements using SAR is a highly saturated and well-explored topic.,output/ideas_graveyard.json,{"score": 60  "run_id": "20260315T154517Z-42e151"},2026-03-15T15:47:51.859004
Test Domain GeoAI,Modeling the Spatiotemporal Propagation of Misinformation During Natural Disasters Using Graph Neural Networks,discarded,Data availability - Twitter/social media metadata is no longer freely accessible for large-scale academic scraping.,output/ideas_graveyard.json,{"score": 62  "run_id": "20260315T154517Z-42e151"},2026-03-15T15:47:51.859004
Test Domain GeoAI,Evaluating the Impact of Digital Twin Fidelity on Energy Efficiency in Smart Buildings,discarded,Data availability - Lack of large-scale  freely accessible public datasets for smart building digital twins and internal energy sensors.,output/ideas_graveyard.json,{"score": 58  "run_id": "20260315T154517Z-42e151"},2026-03-15T15:47:51.859004
Test Domain GeoAI,Sentiment-Based GeoAI Analysis of Public Response to Climate Mitigation Policies,discarded,Data availability - Relies on localized text streams/social media which are increasingly restricted and not freely available.,output/ideas_graveyard.json,{"score": 50  "run_id": "20260315T154517Z-42e151"},2026-03-15T15:47:51.859004
Test Domain GeoAI,Geo-Spatial Feature Engineering for Predicting Food Insecurity Hotspots via Remote Sensing,discarded,Novelty - Predicting food insecurity using vegetation indices and crop prices is a well-established and saturated methodology.,output/ideas_graveyard.json,{"score": 55  "run_id": "20260315T154517Z-42e151"},2026-03-15T15:47:51.859004
Test Domain GeoAI,Privacy-Preserving Federated Learning for Collaborative Geospatial Data Management,discarded,Data availability - Relies on sensitive healthcare data which is explicitly not freely accessible to the public.,output/ideas_graveyard.json,{"score": 60  "run_id": "20260315T154517Z-42e151"},2026-03-15T15:47:51.859004
Test Domain GeoAI,Quantifying the Influence of Urban Canopy Cover on Local Cognitive Performance: A Geo-Psychology Study,discarded,Data availability - Geolocated cognitive health datasets are highly restricted due to privacy laws and not freely available.,output/ideas_graveyard.json,{"score": 65  "run_id": "20260315T154517Z-42e151"},2026-03-15T15:47:51.859004
Test Domain GeoAI,Deep Reinforcement Learning for Dynamic Traffic Optimization in Multi-Modal Smart Transport Networks,discarded,Novelty - Deep reinforcement learning for traffic optimization is a highly saturated field with limited new methodological contributions.,output/ideas_graveyard.json,{"score": 50  "run_id": "20260315T154517Z-42e151"},2026-03-15T15:47:51.859004
Test Domain GeoAI,AI-Driven Detection of Illegal Mining Activities Using Temporal Satellite Image Sequences,discarded,Novelty - Change detection for mining using satellite imagery is a standard  heavily explored application.,output/ideas_graveyard.json,{"score": 55  "run_id": "20260315T154517Z-42e151"},2026-03-15T15:47:51.859004
Test Domain GeoAI,Mapping the Digital Divide: A GeoAI Analysis of Connectivity Infrastructure and Socioeconomic Status,discarded,Novelty - Layering broadband maps with census data is a basic GIS task  lacking advanced GeoAI novelty.,output/ideas_graveyard.json,{"score": 40  "run_id": "20260315T154517Z-42e151"},2026-03-15T15:47:51.859004
Test Domain GeoAI,Explainable GeoAI: Interpreting Model Predictions for Urban Flood Risk Assessment,discarded,Novelty - Applying standard XAI tools like SHAP/LIME to flood risk models is an incremental and saturated approach.,output/ideas_graveyard.json,{"score": 58  "run_id": "20260315T154517Z-42e151"},2026-03-15T15:47:51.859004
Test Domain GeoAI,Predicting Air Quality Trends in Megacities using Graph Convolutional Networks (GCNs),discarded,Novelty - Using Graph Convolutional Networks for air quality prediction is a highly crowded and saturated research area.,output/ideas_graveyard.json,{"score": 45  "run_id": "20260315T154517Z-42e151"},2026-03-15T15:47:51.859004
Test Domain GeoAI,Spatio-Temporal Analysis of Public Transit Accessibility and Economic Opportunity,discarded,Novelty - Transit accessibility and economic opportunity analysis is a fundamental and saturated urban planning topic.,output/ideas_graveyard.json,{"score": 40  "run_id": "20260315T154517Z-42e151"},2026-03-15T15:47:51.859004
Test Domain GeoAI,Automated Extraction of Road Network Topology from Satellite Imagery for Emergency Logistics,discarded,Novelty - Road network extraction from satellite imagery is a highly saturated and mature computer vision problem.,output/ideas_graveyard.json,{"score": 45  "run_id": "20260315T154517Z-42e151"},2026-03-15T15:47:51.861008
Test Domain GeoAI,GeoAI-Enhanced Analysis of Housing Price Volatility and Urban Gentrification,discarded,Novelty - Predicting housing prices and gentrification using ML and spatial data is a well-explored domain.,output/ideas_graveyard.json,{"score": 50  "run_id": "20260315T154517Z-42e151"},2026-03-15T15:47:51.861008
Test Domain GeoAI,Predicting Regional Crop Yields Using Multi-Scale Data Fusion and Deep Learning,discarded,Novelty - Crop yield prediction via deep learning and satellite data fusion is a highly saturated research area.,output/ideas_graveyard.json,{"score": 45  "run_id": "20260315T154517Z-42e151"},2026-03-15T15:47:51.861008
Test Domain GeoAI,Geo-Targeting Public Health Interventions: An AI-Driven Risk Assessment for Infectious Diseases,discarded,Novelty - Spatial clustering for vector-borne disease risk is a standard  well-documented epidemiological method.,output/ideas_graveyard.json,{"score": 55  "run_id": "20260315T154517Z-42e151"},2026-03-15T15:47:51.863013
Test Domain GeoAI,Assessing the Resilience of Global Supply Chains via Spatiotemporal Network Analysis,discarded,Data availability - High-resolution  global historical AIS maritime tracking data is typically commercial and not freely available.,output/ideas_graveyard.json,{"score": 60  "run_id": "20260315T154517Z-42e151"},2026-03-15T15:47:51.863013
Test Domain GeoAI,Human-AI Collaboration in Participatory GIS: A Case Study in Neighborhood Planning,discarded,Quantitative operability - Relies on subjective human-computer interaction evaluations rather than objective  automated metrics.,output/ideas_graveyard.json,{"score": 50  "run_id": "20260315T154517Z-42e151"},2026-03-15T15:47:51.863013
Test Domain GeoAI,Mapping Urban Heat Island Dynamics Using High-Resolution Thermal Satellite Imagery and GeoAI,discarded,Novelty - Mapping Urban Heat Islands using thermal imagery and AI is a highly saturated and standard application.,output/ideas_graveyard.json,{"score": 55  "run_id": "20260315T154517Z-42e151"},2026-03-15T15:47:51.863013
Test Domain GeoAI,GeoAI for Monitoring Wetland Restoration: A Long-Term Change Detection Analysis,discarded,Novelty - Long-term change detection for wetland monitoring is a standard and well-explored remote sensing task.,output/ideas_graveyard.json,{"score": 50  "run_id": "20260315T154517Z-42e151"},2026-03-15T15:47:51.863013
Test Domain GeoAI,Predicting Crime Hotspots through Environmental Criminology and GeoAI,discarded,Novelty - Crime hotspot prediction using environmental factors and spatial analysis is a highly saturated field.,output/ideas_graveyard.json,{"score": 45  "run_id": "20260315T154517Z-42e151"},2026-03-15T15:47:51.863013
Test Domain GeoAI,Evaluating the Sustainability of Global Tourism via Satellite-Derived Human Mobility Patterns,discarded,Data availability - Global-scale anonymized human mobility data is highly commercial  restricted  and not freely available.,output/ideas_graveyard.json,{"score": 65  "run_id": "20260315T154517Z-42e151"},2026-03-15T15:47:51.863013
GeoAI and Urban Planning,Test Topic,selected,,output/topic_screening.json,{"score": 90  "gap_type": "Problem Gap"  "run_id": "20260315T154936Z-fca7b8"},2026-03-15T15:49:36.635190
urban informatics & public health,Urban Heat Islands and Mental Health: A Quantitative Study of Temperature and Mental Health Crisis Calls,selected,,output/topic_screening.json,{"score": 92  "gap_type": "Measurement and Scale Gap"  "run_id": "20260315T154806Z-2d8477"},2026-03-15T15:50:17.447163
urban informatics & public health,The Longitudinal Association Between Urban Heat Island Intensity and Emergency Medical Service Call Volumes,selected,,output/topic_screening.json,{"score": 89  "gap_type": "Scale and Measurement Gap"  "run_id": "20260315T154806Z-2d8477"},2026-03-15T15:50:17.447163
urban informatics & public health,Quantifying the Association Between Urban Green Space Connectivity and Age-Specific Mortality: A Geospatial Analysis of 500 Largest US Cities,discarded,CDC PLACES data consists of modeled estimates derived from demographics and spatial smoothing  making it invalid as an outcome variable for spatial regression against environmental factors like green space connectivity.,output/ideas_graveyard.json,{"score": 30  "run_id": "20260315T154806Z-2d8477"},2026-03-15T15:50:17.447163
urban informatics & public health,The Impact of Nighttime Light Pollution on Sleep-Related Health Outcomes: A Cross-Sectional Analysis of Urban Satellite Imagery and Behavioral Risk Factor Surveillance,discarded,Public BRFSS data lacks the fine-grained geographic identifiers (e.g.  census tract or block group) required to meaningfully link individual sleep outcomes with localized VIIRS nighttime light pollution data.,output/ideas_graveyard.json,{"score": 35  "run_id": "20260315T154806Z-2d8477"},2026-03-15T15:50:17.447163
urban informatics & public health,Public Library Proximity and Adolescent Mental Health: A Multilevel Modeling Study of Urban Neighborhoods,discarded,Publicly available youth health surveys (e.g.  YRBS) do not provide the neighborhood-level geographic identifiers necessary to calculate proximity to public libraries due to strict privacy protections.,output/ideas_graveyard.json,{"score": 25  "run_id": "20260315T154806Z-2d8477"},2026-03-15T15:50:17.447163
urban informatics & public health,The Role of Urban Food Environment Transitions in Longitudinal Diabetes Prevalence: A Synthetic Control Approach,discarded,True longitudinal data on diabetes prevalence at the neighborhood or city level is not publicly available; existing public datasets like CDC PLACES provide modeled  cross-sectional estimates unsuitable for Synthetic Control methods.,output/ideas_graveyard.json,{"score": 30  "run_id": "20260315T154806Z-2d8477"},2026-03-15T15:50:17.447163
urban informatics & public health,Assessing the Impact of Urban Canopy Cover on Respiratory Health Equity: A Multi-Scale Spatiotemporal Analysis,discarded,Publicly available census-tract level asthma prevalence data (e.g.  CDC PLACES) relies on modeled estimates rather than direct observations  making it invalid for spatiotemporal causal analysis.,output/ideas_graveyard.json,{"score": 30  "run_id": "20260315T154806Z-2d8477"},2026-03-15T15:50:17.447163
urban informatics & public health,The Influence of Street Network Design on Active Commuting and Physical Activity Levels: A Comparative Study of US Metropolitan Areas,discarded,Aggregating street network design metrics to the Metropolitan Statistical Area (MSA) level to match public BRFSS data washes out the hyper-local variance necessary to study active commuting.,output/ideas_graveyard.json,{"score": 40  "run_id": "20260315T154806Z-2d8477"},2026-03-15T15:50:17.447163
urban informatics & public health,Public Transit Frequency and Healthcare Accessibility for Older Adults: A Network Analysis of Transit-Oriented Development,discarded,The study only measures spatial accessibility (travel time) without linking to actual healthcare utilization or health outcomes  resulting in low novelty and limited clinical impact.,output/ideas_graveyard.json,{"score": 45  "run_id": "20260315T154806Z-2d8477"},2026-03-15T15:50:17.447163
urban informatics & public health,Urban Noise Pollution and Hypertension: A Spatial Analysis of Traffic Proximity and Health Outcomes,discarded,City-level hypertension rates are too geographically coarse to correlate with highly localized traffic noise exposure models  leading to severe ecological fallacy.,output/ideas_graveyard.json,{"score": 35  "run_id": "20260315T154806Z-2d8477"},2026-03-15T15:50:17.447163
urban informatics & public health,Quantifying the Impact of Bike Share System Expansion on Population-Level Cardiovascular Health,discarded,Public health survey data (e.g.  BRFSS) lacks the statistical power and longitudinal individual tracking required to detect the marginal cardiovascular benefits of bike-share expansions in a Difference-in-Differences framework.,output/ideas_graveyard.json,{"score": 40  "run_id": "20260315T154806Z-2d8477"},2026-03-15T15:50:17.447163
urban informatics & public health,The Relationship Between Walkability Indices and Social Isolation in Urban Geriatric Populations,discarded,The American Community Survey (ACS) does not contain direct metrics for social isolation; variables like 'living alone' are inadequate proxies for geriatric social isolation.,output/ideas_graveyard.json,{"score": 30  "run_id": "20260315T154806Z-2d8477"},2026-03-15T15:50:17.447163
urban informatics & public health,Housing Quality and Pediatric Lead Exposure: A Spatiotemporal Modeling of Historical Building Stock and Health Records,discarded,Pediatric blood lead level surveillance data is highly protected under privacy laws and is rarely available publicly at the fine spatiotemporal resolution required for this modeling.,output/ideas_graveyard.json,{"score": 45  "run_id": "20260315T154806Z-2d8477"},2026-03-15T15:50:17.447163
urban informatics & public health,The Impact of Urban Park Renovations on Local Crime and Health: A Quasi-Experimental Study,discarded,The proposal lacks a clear  publicly available health outcome dataset  relying solely on police incident data which primarily addresses criminology rather than public health.,output/ideas_graveyard.json,{"score": 50  "run_id": "20260315T154806Z-2d8477"},2026-03-15T15:50:17.447163
urban informatics & public health,The Effect of Urban Density on Infectious Disease Transmission Dynamics: A Comparative Analysis of Metropolitan Areas,discarded,The topic is overly broad and lacks novelty; the relationship between urban density and infectious disease transmission has been extensively saturated in recent literature.,output/ideas_graveyard.json,{"score": 35  "run_id": "20260315T154806Z-2d8477"},2026-03-15T15:50:17.447163
urban informatics & public health,Urban Infrastructure and Mental Health: A Study of Roadway Connectivity and Depression Rates,discarded,Neighborhood-level depression rates in public datasets (like CDC PLACES) are modeled from demographics rather than directly measured  making them invalid for spatial analysis against infrastructure.,output/ideas_graveyard.json,{"score": 30  "run_id": "20260315T154806Z-2d8477"},2026-03-15T15:50:17.447163
urban informatics & public health,The Role of Urban Water Infrastructure Quality in Public Health: A Longitudinal Assessment of Lead Pipe Replacement Programs,discarded,Longitudinal public health outcomes related to lead exposure (e.g.  pediatric blood lead levels) are not publicly available at the necessary geographic resolution due to privacy restrictions.,output/ideas_graveyard.json,{"score": 40  "run_id": "20260315T154806Z-2d8477"},2026-03-15T15:50:17.447163
urban informatics & public health,The Impact of Urban Zoning Policies on Healthy Food Availability: A Longitudinal Study of Land Use Change,discarded,The study measures food availability but fails to incorporate any actual human health outcomes  limiting its impact and fit for public health venues.,output/ideas_graveyard.json,{"score": 55  "run_id": "20260315T154806Z-2d8477"},2026-03-15T15:50:17.447163
urban informatics & public health,Quantifying the Health Impacts of Urban Air Quality Improvements Following Public Transportation Electrification,discarded,Hospital admission rates are not freely available in public datasets; accessing them requires Data Use Agreements (DUAs) and purchasing data from state agencies or HCUP.,output/ideas_graveyard.json,{"score": 35  "run_id": "20260315T154806Z-2d8477"},2026-03-15T15:50:17.447163
urban informatics & public health,The Relationship Between Urban Heat Islands and Mortality in Vulnerable Populations: A Multi-City Study,discarded,Mortality data is only publicly available at the county level (via CDC WONDER)  which is too geographically coarse to analyze the hyper-local effects of Urban Heat Islands.,output/ideas_graveyard.json,{"score": 40  "run_id": "20260315T154806Z-2d8477"},2026-03-15T15:50:17.447163
urban informatics & public health,The Influence of Mixed-Use Development on Physical Activity: A Longitudinal Study of Urban Neighborhoods,discarded,There are no freely accessible public datasets providing longitudinal physical activity survey data at the urban neighborhood level.,output/ideas_graveyard.json,{"score": 30  "run_id": "20260315T154806Z-2d8477"},2026-03-15T15:50:17.447163
urban informatics & public health,Urban Resilience and Public Health: A Quantitative Assessment of Disaster Preparedness and Recovery,discarded,The proposal relies on vaguely defined 'long-term health outcome data' and 'disaster plans'  lacking specific  quantifiable  and publicly available datasets for both exposure and outcome.,output/ideas_graveyard.json,{"score": 25  "run_id": "20260315T154806Z-2d8477"},2026-03-15T15:50:17.447163
urban informatics & public health,The Impact of Urban Lighting Infrastructure on Pedestrian Safety and Physical Activity,discarded,While pedestrian injury data is public  street-level physical activity data is not publicly available  making the secondary outcome unmeasurable.,output/ideas_graveyard.json,{"score": 45  "run_id": "20260315T154806Z-2d8477"},2026-03-15T15:50:17.447163
urban informatics & public health,Assessing the Impact of Urban Green Space on Mental Health: A Longitudinal Study using Social Media Proxies,discarded,Geo-tagged social media data is no longer freely accessible at scale due to API restrictions (e.g.  X/Twitter)  and sentiment analysis is an unvalidated proxy for clinical mental health.,output/ideas_graveyard.json,{"score": 35  "run_id": "20260315T154806Z-2d8477"},2026-03-15T15:50:17.447163
urban informatics & public health,The Relationship Between Urban Housing Density and Chronic Disease: A Multi-City Comparative Analysis,discarded,Comparing census density with coarse BRFSS data relies on cross-sectional ecological correlations  suffering from severe confounding and ecological fallacy.,output/ideas_graveyard.json,{"score": 30  "run_id": "20260315T154806Z-2d8477"},2026-03-15T15:50:17.447163
urban informatics & public health,The Role of Urban Connectivity in Healthcare Access for Low-Income Populations,discarded,This is a purely spatial accessibility analysis that does not measure actual healthcare utilization or health outcomes  lacking the necessary clinical impact.,output/ideas_graveyard.json,{"score": 40  "run_id": "20260315T154806Z-2d8477"},2026-03-15T15:50:17.447163
urban informatics & public health,The Impact of Urban Public Spaces on Social Cohesion and Health: A Quantitative Analysis,discarded,Standardized municipal park usage data is rarely publicly available  and community health surveys lack the fine spatial resolution needed to link individuals to specific public spaces.,output/ideas_graveyard.json,{"score": 30  "run_id": "20260315T154806Z-2d8477"},2026-03-15T15:50:17.447163
urban informatics & public health,Urban Infrastructure and Health: A Study of Sidewalk Quality and Pedestrian Health,discarded,The outcome relies on traffic crash datasets  making this a transportation safety study rather than a public health study measuring physiological or chronic health outcomes.,output/ideas_graveyard.json,{"score": 60  "run_id": "20260315T154806Z-2d8477"},2026-03-15T15:50:17.447163
urban informatics & public health,The Relationship Between Urban Transit Accessibility and Obesity Rates: A Longitudinal Analysis,discarded,Longitudinal obesity data at the neighborhood or individual level is not publicly available; existing public data is either cross-sectional or geographically coarse.,output/ideas_graveyard.json,{"score": 30  "run_id": "20260315T154806Z-2d8477"},2026-03-15T15:50:17.447163
urban informatics & public health,The Impact of Urban Green Infrastructure on Air Quality and Respiratory Health,discarded,Local asthma health registries contain Protected Health Information (PHI) and are not publicly accessible without strict Data Use Agreements and IRB approval.,output/ideas_graveyard.json,{"score": 35  "run_id": "20260315T154806Z-2d8477"},2026-03-15T15:50:17.447163
Test Domain GeoAI,Causal Discovery in Spatiotemporal Climate Models: Identifying Tipping Points via Transformer-Based Architectures,selected,,output/topic_screening.json,{"score": 97  "gap_type": "Methodological and Problem Gap"  "run_id": "20260315T173522Z-66acf8"},2026-03-15T17:37:42.373088
Test Domain GeoAI,Global Mapping of Informal Waste Dumping Sites using Satellite Imagery and Weakly-Supervised Learning,selected,,output/topic_screening.json,{"score": 95  "gap_type": "Measurement and Method Gap"  "run_id": "20260315T173522Z-66acf8"},2026-03-15T17:37:42.373088
Test Domain GeoAI,Detecting Illegal Small-Scale Mining Operations via Deep Change Detection and Temporal Contextualization,selected,,output/topic_screening.json,{"score": 93  "gap_type": "Method and Scale Gap"  "run_id": "20260315T173522Z-66acf8"},2026-03-15T17:37:42.373088
Test Domain GeoAI,Graph Neural Networks for Detecting Sub-Surface Geological Anomalies in Multi-Spectral Satellite Data,discarded,Quantitative operability - Multi-spectral satellite imagery cannot directly penetrate the Earth's surface to detect sub-surface geological anomalies; the physical premise of the method is flawed.,output/ideas_graveyard.json,{"score": 10  "run_id": "20260315T173522Z-66acf8"},2026-03-15T17:37:42.374093
Test Domain GeoAI,Uncertainty Quantification in Deep Learning-Based Landslide Susceptibility Mapping,discarded,Novelty - Landslide susceptibility mapping using deep learning is a highly saturated field; adding Bayesian uncertainty quantification is an incremental methodological update rather than a novel application.,output/ideas_graveyard.json,{"score": 30  "run_id": "20260315T173522Z-66acf8"},2026-03-15T17:37:42.374093
Test Domain GeoAI,Self-Supervised Learning for Small-Sample Rare Earth Mineral Identification in Satellite Imagery,discarded,Data availability - Identifying rare earth minerals typically requires hyperspectral data; standard freely available multispectral imagery lacks the spectral resolution for this task.,output/ideas_graveyard.json,{"score": 20  "run_id": "20260315T173522Z-66acf8"},2026-03-15T17:37:42.374093
Test Domain GeoAI,Spatiotemporal Dynamics of Nocturnal Light Pollution: A Global Analysis using VIIRS and Deep Learning,discarded,Novelty - Global analysis of nighttime lights using VIIRS data is a well-explored and mature area in remote sensing and GeoAI.,output/ideas_graveyard.json,{"score": 40  "run_id": "20260315T173522Z-66acf8"},2026-03-15T17:37:42.374093
Test Domain GeoAI,Federated Learning for Privacy-Preserving GeoAI in Distributed Meteorological Sensor Networks,discarded,Novelty - Meteorological sensor data is generally not privacy-sensitive  making the application of privacy-preserving federated learning to this specific domain poorly justified.,output/ideas_graveyard.json,{"score": 25  "run_id": "20260315T173522Z-66acf8"},2026-03-15T17:37:42.374093
Test Domain GeoAI,Explainable AI (XAI) for Distinguishing Anthropogenic vs. Natural Forest Degradation,discarded,Novelty - Applying standard XAI techniques like SHAP to remote sensing classification tasks is an incremental methodological step and widely explored.,output/ideas_graveyard.json,{"score": 35  "run_id": "20260315T173522Z-66acf8"},2026-03-15T17:37:42.374093
Test Domain GeoAI,Multi-Agent Reinforcement Learning for Dynamic Disaster Relief Resource Allocation,discarded,Novelty - Disaster relief resource allocation and routing using reinforcement learning or multi-agent systems is a highly saturated area in operations research and AI.,output/ideas_graveyard.json,{"score": 30  "run_id": "20260315T173522Z-66acf8"},2026-03-15T17:37:42.374093
Test Domain GeoAI,Synthesizing High-Resolution Digital Elevation Models (DEM) from Low-Resolution SAR Data using Generative Adversarial Networks,discarded,Novelty - DEM super-resolution using GANs or other deep learning architectures is a well-established and saturated research topic in GeoAI.,output/ideas_graveyard.json,{"score": 25  "run_id": "20260315T173522Z-66acf8"},2026-03-15T17:37:42.374093
Test Domain GeoAI,Geospatial Data Mining of Public Social Media Feeds for Real-Time Flood Impact Assessment,discarded,Novelty - Using social media data for real-time disaster and flood impact assessment is a highly saturated and dated research area.,output/ideas_graveyard.json,{"score": 20  "run_id": "20260315T173522Z-66acf8"},2026-03-15T17:37:42.375072
Test Domain GeoAI,Attention-Based Models for Identifying Invasive Plant Species via Hyperspectral Reflectance Signatures,discarded,Data availability - Large-scale  freely available hyperspectral datasets with high-quality ground truth labels for specific invasive plant species are extremely scarce.,output/ideas_graveyard.json,{"score": 15  "run_id": "20260315T173522Z-66acf8"},2026-03-15T17:37:42.375072
Test Domain GeoAI,Quantifying Urban Micro-Climate Variability via Low-Cost Sensor Fusion and Gaussian Processes,discarded,Novelty - Fusing sensor data with satellite thermal imagery using Gaussian Processes (essentially Kriging) is a traditional and highly saturated approach in urban climatology.,output/ideas_graveyard.json,{"score": 30  "run_id": "20260315T173522Z-66acf8"},2026-03-15T17:37:42.375072
Test Domain GeoAI,Transfer Learning for Automated Mapping of Informal Settlements in Data-Scarce Global South Regions,discarded,Novelty - Automated mapping of informal settlements using transfer learning and satellite imagery is a well-explored and saturated domain in GeoAI.,output/ideas_graveyard.json,{"score": 35  "run_id": "20260315T173522Z-66acf8"},2026-03-15T17:37:42.375072
Test Domain GeoAI,Semantic Segmentation of Coastal Erosion Dynamics using Multi-Decadal Satellite Archives,discarded,Novelty - Extracting shorelines and quantifying coastal erosion from multi-decadal Landsat imagery is a highly saturated and solved problem (e.g.  CoastSat).,output/ideas_graveyard.json,{"score": 25  "run_id": "20260315T173522Z-66acf8"},2026-03-15T17:37:42.375072
Test Domain GeoAI,Graph-based Analysis of Global Supply Chain Vulnerability to Extreme Weather Events,discarded,Data availability - Detailed  global-scale supply chain routing and infrastructure dependency networks are highly proprietary and not freely available for public research.,output/ideas_graveyard.json,{"score": 15  "run_id": "20260315T173522Z-66acf8"},2026-03-15T17:37:42.375072
Test Domain GeoAI,Predictive Modeling of Wildfire Ignition Risk via Multimodal Data Fusion of Satellite and Weather Time-Series,discarded,Novelty - Predictive modeling of wildfire risk using multimodal satellite and weather data with deep learning is a highly saturated research area.,output/ideas_graveyard.json,{"score": 20  "run_id": "20260315T173522Z-66acf8"},2026-03-15T17:37:42.375072
Test Domain GeoAI,Leveraging Synthetic Aperture Radar (SAR) for Cloud-Penetrating Detection of Agricultural Encroachment in Tropical Forests,discarded,Novelty - Using SAR for cloud-free forest monitoring and deforestation detection is a standard  widely implemented operational practice  lacking academic novelty.,output/ideas_graveyard.json,{"score": 25  "run_id": "20260315T173522Z-66acf8"},2026-03-15T17:37:42.377400
Test Domain GeoAI,Anomaly Detection in Maritime Traffic via AIS Data and Deep Spatiotemporal Embeddings,discarded,Novelty - Anomaly detection in maritime vessel trajectories using AIS data and deep learning is a highly saturated and mature research topic.,output/ideas_graveyard.json,{"score": 20  "run_id": "20260315T173522Z-66acf8"},2026-03-15T17:37:42.377400
Test Domain GeoAI,Assessing the Impact of Urban Green Space Distribution on Respiratory Health Using GeoAI,discarded,Novelty - Correlating satellite-derived urban green space metrics with public health outcomes using spatial regression is a well-established and saturated methodology.,output/ideas_graveyard.json,{"score": 25  "run_id": "20260315T173522Z-66acf8"},2026-03-15T17:37:42.378405
Test Domain GeoAI,Automated Mapping of Solar Potential in Dense Urban Environments using 3D City Models,discarded,Novelty - Calculating rooftop solar potential using 3D city models and sun-path algorithms is a standard  mature GIS application with little algorithmic novelty.,output/ideas_graveyard.json,{"score": 20  "run_id": "20260315T173522Z-66acf8"},2026-03-15T17:37:42.378405
Test Domain GeoAI,Evaluating the Efficacy of Nature-Based Solutions for Stormwater Management via Digital Twin Simulation,discarded,Data availability - High-fidelity urban drainage network data and localized hydraulic parameters required for accurate digital twin simulations are rarely open-access or standardized.,output/ideas_graveyard.json,{"score": 15  "run_id": "20260315T173522Z-66acf8"},2026-03-15T17:37:42.378405
Test Domain GeoAI,Quantifying the Spatiotemporal Impact of Infrastructure Development on Local Biodiversity,discarded,Novelty - Using satellite-derived habitat fragmentation metrics to assess infrastructure impacts is a standard and widely practiced method in landscape ecology.,output/ideas_graveyard.json,{"score": 25  "run_id": "20260315T173522Z-66acf8"},2026-03-15T17:37:42.379021
GeoAI and Urban Planning,Test Topic,selected,,output/topic_screening.json,{"score": 90  "gap_type": "Problem Gap"  "run_id": "20260315T173908Z-ee2342"},2026-03-15T17:39:08.198782
Inferring Causal Relationships Between Public Health and the Built Environment  Large-Scale Urban Models and Generative Urban Science  Cross-Scale Urban System Modeling and Spatial Network Analysis,Generative Modeling of Neighborhood Walkability and Its Impact on Type 2 Diabetes Prevalence,selected,,output/topic_screening.json,{"score": 95  "gap_type": "Method and Scale Gap"  "run_id": "20260315T173742Z-cc5a94"},2026-03-15T17:40:09.223894
Inferring Causal Relationships Between Public Health and the Built Environment  Large-Scale Urban Models and Generative Urban Science  Cross-Scale Urban System Modeling and Spatial Network Analysis,Synthetic Urban Population Generation: A Cross-Scale Framework for Evaluating Environmental Health Interventions,selected,,output/topic_screening.json,{"score": 93  "gap_type": "Method and Scale Gap (Bridging aggregate demographic data and individual-level health behaviors for high-resolution causal simulation)"  "run_id": "20260315T173742Z-cc5a94"},2026-03-15T17:40:09.223894
Inferring Causal Relationships Between Public Health and the Built Environment  Large-Scale Urban Models and Generative Urban Science  Cross-Scale Urban System Modeling and Spatial Network Analysis,Network Topology of Food Deserts and Its Causal Link to Metabolic Health Outcomes,selected,,output/topic_screening.json,{"score": 91  "gap_type": "Measurement and Method Gap"  "run_id": "20260315T173742Z-cc5a94"},2026-03-15T17:40:09.223894
Inferring Causal Relationships Between Public Health and the Built Environment  Large-Scale Urban Models and Generative Urban Science  Cross-Scale Urban System Modeling and Spatial Network Analysis,Causal Inference of Urban Green Space Connectivity on Mental Health: A Multiscale Spatial Network Approach,discarded,UK Biobank is not a freely accessible public dataset (requires application and significant fees)  failing the data availability gate.,output/ideas_graveyard.json,{"score": 45  "run_id": "20260315T173742Z-cc5a94"},2026-03-15T17:40:09.223894
Inferring Causal Relationships Between Public Health and the Built Environment  Large-Scale Urban Models and Generative Urban Science  Cross-Scale Urban System Modeling and Spatial Network Analysis,Dynamic Spatial Modeling of Public Transit Accessibility and Cardiovascular Health Disparities,discarded,Electronic health records (EHR) are highly restricted and not freely accessible public datasets  failing the data availability gate.,output/ideas_graveyard.json,{"score": 40  "run_id": "20260315T173742Z-cc5a94"},2026-03-15T17:40:09.223894
Inferring Causal Relationships Between Public Health and the Built Environment  Large-Scale Urban Models and Generative Urban Science  Cross-Scale Urban System Modeling and Spatial Network Analysis,The Causal Impact of Heat Island Mitigation on Pediatric Asthma Hospitalizations,discarded,Municipal hospital admission records containing pediatric asthma data are restricted by privacy laws and not freely accessible  failing the data availability gate.,output/ideas_graveyard.json,{"score": 35  "run_id": "20260315T173742Z-cc5a94"},2026-03-15T17:40:09.224589
Inferring Causal Relationships Between Public Health and the Built Environment  Large-Scale Urban Models and Generative Urban Science  Cross-Scale Urban System Modeling and Spatial Network Analysis,Quantifying the Causal Effect of Street Connectivity on Physical Activity Using Instrumental Variable Regression,discarded,Population-level wearable data is typically proprietary or restricted  failing the freely accessible data availability gate.,output/ideas_graveyard.json,{"score": 42  "run_id": "20260315T173742Z-cc5a94"},2026-03-15T17:40:09.224589
Inferring Causal Relationships Between Public Health and the Built Environment  Large-Scale Urban Models and Generative Urban Science  Cross-Scale Urban System Modeling and Spatial Network Analysis,Cross-Scale Analysis of Air Quality and Cognitive Decline: Integrating Satellite Data and Biobank Phenotypes,discarded,Biobank phenotype data requires a paid application and data transfer agreement  failing the freely accessible data availability gate.,output/ideas_graveyard.json,{"score": 48  "run_id": "20260315T173742Z-cc5a94"},2026-03-15T17:40:09.225230
Inferring Causal Relationships Between Public Health and the Built Environment  Large-Scale Urban Models and Generative Urban Science  Cross-Scale Urban System Modeling and Spatial Network Analysis,Modeling the Causal Link Between Mixed-Use Zoning and Social Capital: A Multi-City Network Study,discarded,Multi-city social network survey data is generally not freely available or standardized across municipalities  failing the data availability gate.,output/ideas_graveyard.json,{"score": 38  "run_id": "20260315T173742Z-cc5a94"},2026-03-15T17:40:09.225230
Inferring Causal Relationships Between Public Health and the Built Environment  Large-Scale Urban Models and Generative Urban Science  Cross-Scale Urban System Modeling and Spatial Network Analysis,The Impact of Urban Density on Infectious Disease Transmission: A Multiscale Network Modeling Approach,discarded,The topic of urban density and infectious disease transmission via mobility networks was heavily saturated during the COVID-19 pandemic  failing the novelty gate.,output/ideas_graveyard.json,{"score": 50  "run_id": "20260315T173742Z-cc5a94"},2026-03-15T17:40:09.225749
Inferring Causal Relationships Between Public Health and the Built Environment  Large-Scale Urban Models and Generative Urban Science  Cross-Scale Urban System Modeling and Spatial Network Analysis,Causal Inference of Neighborhood Safety Features on Adolescent Behavioral Health,discarded,Longitudinal survey data with fine-grained spatial identifiers for adolescents is highly restricted  failing the data availability gate.,output/ideas_graveyard.json,{"score": 30  "run_id": "20260315T173742Z-cc5a94"},2026-03-15T17:40:09.225749
Inferring Causal Relationships Between Public Health and the Built Environment  Large-Scale Urban Models and Generative Urban Science  Cross-Scale Urban System Modeling and Spatial Network Analysis,Spatial Network Analysis of Healthcare Deserts: Identifying Causal Barriers to Primary Care,discarded,Spatial analysis of healthcare deserts is a well-established and saturated area of research  lacking sufficient methodological or conceptual novelty.,output/ideas_graveyard.json,{"score": 55  "run_id": "20260315T173742Z-cc5a94"},2026-03-15T17:40:09.225749
Inferring Causal Relationships Between Public Health and the Built Environment  Large-Scale Urban Models and Generative Urban Science  Cross-Scale Urban System Modeling and Spatial Network Analysis,Generative Modeling of Pedestrian Flow and Its Correlation with Public Health Indices,discarded,The study proposes correlation rather than causal inference  failing the quantitative operability and domain alignment gates.,output/ideas_graveyard.json,{"score": 45  "run_id": "20260315T173742Z-cc5a94"},2026-03-15T17:40:09.225749
Inferring Causal Relationships Between Public Health and the Built Environment  Large-Scale Urban Models and Generative Urban Science  Cross-Scale Urban System Modeling and Spatial Network Analysis,The Causal Influence of Building Material Diversity on Indoor Air Quality and Respiratory Health,discarded,Large-scale indoor air quality sensor data linked to architectural material databases is not freely available  failing the data availability gate.,output/ideas_graveyard.json,{"score": 35  "run_id": "20260315T173742Z-cc5a94"},2026-03-15T17:40:09.225749
Inferring Causal Relationships Between Public Health and the Built Environment  Large-Scale Urban Models and Generative Urban Science  Cross-Scale Urban System Modeling and Spatial Network Analysis,Cross-Scale Dynamics of Urban Water Infrastructure and Gastrointestinal Health,discarded,Fine-grained spatial public health surveillance data for gastrointestinal outbreaks is typically restricted by health departments  failing the data availability gate.,output/ideas_graveyard.json,{"score": 40  "run_id": "20260315T173742Z-cc5a94"},2026-03-15T17:40:09.225749
Inferring Causal Relationships Between Public Health and the Built Environment  Large-Scale Urban Models and Generative Urban Science  Cross-Scale Urban System Modeling and Spatial Network Analysis,A Causal Analysis of Public Park Proximity on Depression and Anxiety in Urban Youth,discarded,Large-scale geocoded adolescent mental health datasets are highly restricted due to privacy laws  failing the data availability gate.,output/ideas_graveyard.json,{"score": 32  "run_id": "20260315T173742Z-cc5a94"},2026-03-15T17:40:09.225749
Inferring Causal Relationships Between Public Health and the Built Environment  Large-Scale Urban Models and Generative Urban Science  Cross-Scale Urban System Modeling and Spatial Network Analysis,Causal Impact of Light Pollution on Circadian Health: A Satellite-Derived Spatial Study,discarded,Longitudinal sleep health records are typically restricted or require paid access (like Biobanks)  failing the data availability gate.,output/ideas_graveyard.json,{"score": 44  "run_id": "20260315T173742Z-cc5a94"},2026-03-15T17:40:09.225749
Inferring Causal Relationships Between Public Health and the Built Environment  Large-Scale Urban Models and Generative Urban Science  Cross-Scale Urban System Modeling and Spatial Network Analysis,The Causal Relationship Between Urban Connectivity and Obesity: A Comparative Cross-City Analysis,discarded,The relationship between street network connectivity and obesity is a heavily researched and saturated topic  failing the novelty gate.,output/ideas_graveyard.json,{"score": 52  "run_id": "20260315T173742Z-cc5a94"},2026-03-15T17:40:09.225749
Inferring Causal Relationships Between Public Health and the Built Environment  Large-Scale Urban Models and Generative Urban Science  Cross-Scale Urban System Modeling and Spatial Network Analysis,Cross-Scale Urban Network Analysis: Linking Macro-Planning to Individual Health Outcomes,discarded,Individual-level health outcomes linked to spatial data are highly restricted by privacy regulations  failing the data availability gate.,output/ideas_graveyard.json,{"score": 30  "run_id": "20260315T173742Z-cc5a94"},2026-03-15T17:40:09.225749
GeoAI and Urban Planning,Assessing the Impact of Zoning Policy Changes on Urban Compactness via Causal Inference and Satellite Time-Series,selected,,output/topic_screening.json,{"score": 96  "gap_type": "Method and Measurement Gap"  "run_id": "20260315T173915Z-7f6f85"},2026-03-15T17:41:33.404672
GeoAI and Urban Planning,Quantifying the Synergistic Effects of Urban Vegetation and Albedo Modification on Local Cooling: A GeoAI Simulation,selected,,output/topic_screening.json,{"score": 94  "gap_type": "Method Gap"  "run_id": "20260315T173915Z-7f6f85"},2026-03-15T17:41:33.404672
GeoAI and Urban Planning,Leveraging Multimodal Satellite Fusion and Graph Neural Networks for Predicting Gentrification Dynamics,selected,,output/topic_screening.json,{"score": 92  "gap_type": "Method and Scale Gap"  "run_id": "20260315T173915Z-7f6f85"},2026-03-15T17:41:33.404672
GeoAI and Urban Planning,GeoAI-based Assessment of '15-Minute City' Accessibility Equity using Dynamic Human Mobility Data,discarded,Fails data availability gate: Dynamic human mobility data (e.g.  mobile phone location data) is typically proprietary and not freely accessible as public datasets.,output/ideas_graveyard.json,{"score": 45  "run_id": "20260315T173915Z-7f6f85"},2026-03-15T17:41:33.404672
GeoAI and Urban Planning,Predicting Urban Flood Vulnerability in Informal Settlements: A Deep Learning Approach with High-Resolution LiDAR,discarded,Fails data availability gate: High-resolution LiDAR data is rarely freely available for informal settlements  which are predominantly located in developing regions.,output/ideas_graveyard.json,{"score": 40  "run_id": "20260315T173915Z-7f6f85"},2026-03-15T17:41:33.406082
GeoAI and Urban Planning,Modeling the Spatiotemporal Impact of Urban Green Space on Mental Well-being using Geo-tagged Social Media Data,discarded,Fails data availability gate: Geo-tagged social media data (e.g.  Twitter) is no longer freely accessible for large-scale academic scraping.,output/ideas_graveyard.json,{"score": 35  "run_id": "20260315T173915Z-7f6f85"},2026-03-15T17:41:33.406082
GeoAI and Urban Planning,Predicting Public Transit Demand Shifts during Extreme Weather Events using Federated Learning,discarded,Fails novelty/methodology gate: Federated learning is designed for privacy-preserving distributed training  which is unnecessary for aggregate public transit demand data that does not contain PII.,output/ideas_graveyard.json,{"score": 50  "run_id": "20260315T173915Z-7f6f85"},2026-03-15T17:41:33.406082
GeoAI and Urban Planning,Mapping Urban 'Food Deserts' through Computer Vision Analysis of Street-Level Imagery,discarded,Fails data availability gate: Large-scale street-level imagery (like Google Street View) requires paid APIs and has strict terms against mass scraping for derived data.,output/ideas_graveyard.json,{"score": 45  "run_id": "20260315T173915Z-7f6f85"},2026-03-15T17:41:33.406082
GeoAI and Urban Planning,Spatiotemporal Modeling of Urban Noise Pollution using Machine Learning and Crowdsourced Acoustic Data,discarded,Fails data availability gate: Crowdsourced acoustic data is not widely or reliably available as a free public dataset across diverse urban areas.,output/ideas_graveyard.json,{"score": 40  "run_id": "20260315T173915Z-7f6f85"},2026-03-15T17:41:33.407163
GeoAI and Urban Planning,GeoAI for Optimizing Electric Vehicle Charging Infrastructure Placement using Traffic Flow and Grid Capacity Data,discarded,Fails data availability gate: Electrical grid capacity data is highly proprietary and restricted due to critical infrastructure security concerns.,output/ideas_graveyard.json,{"score": 35  "run_id": "20260315T173915Z-7f6f85"},2026-03-15T17:41:33.407163
GeoAI and Urban Planning,Analyzing the Resilience of Urban Logistics Networks during Supply Chain Disruptions: A Spatiotemporal GeoAI Approach,discarded,Fails data availability gate: Urban freight and logistics movement data is highly proprietary and not freely available to the public.,output/ideas_graveyard.json,{"score": 30  "run_id": "20260315T173915Z-7f6f85"},2026-03-15T17:41:33.407163
GeoAI and Urban Planning,Evaluating the Impact of Street-Level Lighting on Nighttime Pedestrian Safety using Computer Vision,discarded,Fails data availability gate: Large-scale nighttime street-level imagery is extremely scarce in public datasets  as most platforms capture data during the day.,output/ideas_graveyard.json,{"score": 40  "run_id": "20260315T173915Z-7f6f85"},2026-03-15T17:41:33.407163
GeoAI and Urban Planning,A GeoAI Framework for Estimating Rooftop Solar Potential in Dense Urban Environments,discarded,Fails novelty gate: Estimating rooftop solar potential using deep learning and 3D building models is a highly crowded and mature research area.,output/ideas_graveyard.json,{"score": 35  "run_id": "20260315T173915Z-7f6f85"},2026-03-15T17:41:33.407163
GeoAI and Urban Planning,Mapping Urban Vacancy and Brownfield Redevelopment Potential using Deep Learning on Satellite Imagery,discarded,Fails data availability gate: Detecting individual vacant lots or brownfields typically requires sub-meter high-resolution imagery  which is not freely available globally.,output/ideas_graveyard.json,{"score": 45  "run_id": "20260315T173915Z-7f6f85"},2026-03-15T17:41:33.407163
GeoAI and Urban Planning,Modeling Human Mobility Response to Urban Infrastructure Upgrades: A Causal GeoAI Analysis,discarded,Fails data availability gate: Mobile-location data required for tracking human mobility responses is proprietary and not freely available.,output/ideas_graveyard.json,{"score": 40  "run_id": "20260315T173915Z-7f6f85"},2026-03-15T17:41:33.407957
GeoAI and Urban Planning,Optimizing Waste Collection Routes through Spatiotemporal Demand Prediction and GeoAI,discarded,Fails novelty gate: Optimizing waste collection routes using predictive modeling is a highly crowded and traditional operations research topic.,output/ideas_graveyard.json,{"score": 35  "run_id": "20260315T173915Z-7f6f85"},2026-03-15T17:41:33.407957
GeoAI and Urban Planning,Predicting the Impact of Urban Density on Fire Service Response Times: A Spatial Optimization Study,discarded,Fails novelty gate: Spatial optimization of fire service response times based on density and road networks is a traditional  heavily saturated GIS topic.,output/ideas_graveyard.json,{"score": 30  "run_id": "20260315T173915Z-7f6f85"},2026-03-15T17:41:33.407957
GeoAI and Urban Planning,Assessing the Equity of Public Park Distribution using Network Analysis and GeoAI,discarded,Fails novelty gate: Assessing park accessibility and equity using network analysis is a fundamental and highly saturated topic in urban planning.,output/ideas_graveyard.json,{"score": 25  "run_id": "20260315T173915Z-7f6f85"},2026-03-15T17:41:33.408298
GeoAI and Urban Planning,A GeoAI Approach to Estimating Informal Economy Activity using Street-Level Imagery,discarded,Fails data availability gate: Street-level imagery is often sparse or proprietary in developing regions where informal economies are most prevalent.,output/ideas_graveyard.json,{"score": 45  "run_id": "20260315T173915Z-7f6f85"},2026-03-15T17:41:33.408298
GeoAI and Urban Planning,Predicting Neighborhood-Level Resilience to Economic Shocks using Multi-Source Spatiotemporal Data,discarded,Fails data availability gate: High-resolution business registry and mobility data required for this analysis are typically proprietary and not freely accessible.,output/ideas_graveyard.json,{"score": 40  "run_id": "20260315T173915Z-7f6f85"},2026-03-15T17:41:33.408298
GeoAI and Urban Planning,Bad Data Idea,failed_data_check,All claimed data sources are unverified — not found in known public data registry,/tmp/pytest-of-root/pytest-0/test_data_fail0/topic_screening.json,{"run_id": "test-run-001"  "similar_papers": []  "unverified_sources": ["Nonexistent DB 1"  "Totally Fake Source"]},2026-04-23T16:22:33.279482
GeoAI and Urban Planning,Bad Data Idea,failed_data_check,All claimed data sources are unverified — not found in known public data registry,/tmp/pytest-of-root/pytest-1/test_data_fail0/topic_screening.json,{"run_id": "test-run-001"  "similar_papers": []  "unverified_sources": ["Nonexistent DB 1"  "Totally Fake Source"]},2026-04-23T16:29:25.377618
GeoAI and Urban Planning,Bad Data Idea,failed_data_check,All claimed data sources are unverified — not found in known public data registry,/tmp/pytest-of-root/pytest-2/test_data_fail0/topic_screening.json,{"run_id": "test-run-001"  "similar_papers": []  "unverified_sources": ["Nonexistent DB 1"  "Totally Fake Source"]},2026-04-23T16:32:41.526329
GeoAI and Urban Planning,Bad Data Idea,failed_data_check,All claimed data sources are unverified — not found in known public data registry,/tmp/pytest-of-root/pytest-3/test_data_fail0/topic_screening.json,{"run_id": "test-run-001"  "similar_papers": []  "unverified_sources": ["Nonexistent DB 1"  "Totally Fake Source"]},2026-04-23T16:49:06.580489
GeoAI and Urban Planning,Bad Data Idea,failed_data_check,All claimed data sources are unverified — not found in known public data registry,/tmp/pytest-of-root/pytest-4/test_data_fail0/topic_screening.json,{"run_id": "test-run-001"  "similar_papers": []  "unverified_sources": ["Nonexistent DB 1"  "Totally Fake Source"]},2026-04-23T16:51:25.057960
GeoAI and Urban Planning,Bad Data Idea,failed_data_check,All claimed data sources are unverified — not found in known public data registry,/tmp/pytest-of-root/pytest-5/test_data_fail0/topic_screening.json,{"run_id": "test-run-001"  "similar_papers": []  "unverified_sources": ["Nonexistent DB 1"  "Totally Fake Source"]},2026-04-23T16:56:55.616776
GeoAI and Urban Planning,Bad Data Idea,failed_data_check,All claimed data sources are unverified — not found in known public data registry,/tmp/pytest-of-root/pytest-6/test_data_fail0/topic_screening.json,{"run_id": "test-run-001"  "similar_papers": []  "unverified_sources": ["Nonexistent DB 1"  "Totally Fake Source"]},2026-04-23T16:58:58.667936
GeoAI and Urban Planning,Bad Data Idea,failed_data_check,All claimed data sources are unverified — not found in known public data registry,/tmp/pytest-of-root/pytest-7/test_data_fail0/topic_screening.json,{"run_id": "test-run-001"  "similar_papers": []  "unverified_sources": ["Nonexistent DB 1"  "Totally Fake Source"]},2026-04-23T17:01:07.970334
GeoAI and Urban Planning,Bad Data Idea,failed_data_check,All claimed data sources are unverified — not found in known public data registry,/tmp/pytest-of-root/pytest-8/test_data_fail0/topic_screening.json,{"run_id": "test-run-001"  "similar_papers": []  "unverified_sources": ["Nonexistent DB 1"  "Totally Fake Source"]},2026-04-23T17:03:14.772756
GeoAI and Urban Planning,Bad Data Idea,failed_data_check,All claimed data sources are unverified — not found in known public data registry,/tmp/pytest-of-root/pytest-9/test_data_fail0/topic_screening.json,{"run_id": "test-run-001"  "similar_papers": []  "unverified_sources": ["Nonexistent DB 1"  "Totally Fake Source"]},2026-04-23T17:05:24.355075
